geneid	dist
572	21935
575	6264
582	29266
590	809
624	38579
992	426616
2011	254065
3855	137902
3990	132023
4104	359396
4202	137902
4275	137902
4374	137902
4416	37789
4513	137902
4548	35620
4676	95512
4714	35620
4717	137902
4747	137902
4867	37789
4919	344235
5085	191442
5198	225379
5216	246503
5266	66614
5369	233190
5471	285888
5505	70220
5562	273049
5599	85903
5654	155350
5691	166083
5705	505859
5740	251670
5785	153977
5837	94524
5916	243496
5993	279699
6061	69700
6195	360639
6204	319859
6215	302849
6230	189311
6276	135383
6291	339737
6304	158050
6441	49809
6474	107504
6597	460365
6667	78114
6723	80149
6784	12047
6809	153685
6821	217822
6863	70220
6905	50221
6923	120206
6946	383340
6953	279699
6997	56346
7058	132040
7084	316903
7222	32449
7264	41953
7301	511002
7353	135383
7411	76152
7430	237018
7461	205509
7540	265575
7580	65765
7590	167308
7611	421650
7637	344739
7659	57586
7688	38690
7701	473783
7741	473535
7776	202570
7832	19707
7854	337037
7883	40414
7887	140007
7987	24514
8019	91737
8042	493431
8148	106826
8160	174259
8234	169078
8245	171712
8286	150687
8297	285426
8378	115800
8394	224883
8438	237018
8459	502452
8463	55249
8675	50340
8742	5911
8746	177678
8771	69525
8792	383663
8795	734803
8796	78857
8832	502452
8833	280573
8919	1091
8921	141090
9027	360639
9052	124998
9077	1091
9079	261683
9094	445849
9106	473535
9155	40577
9214	292048
9248	103970
9265	285623
9270	156391
9324	219698
9338	268563
9341	507122
9348	403070
9367	63489
9534	288313
9539	10037
9541	50953
9577	10037
9588	33378
9636	219698
9652	316510
9683	33234
9744	467589
9745	38162
9748	156083
9759	269815
9772	192431
9790	50221
9798	1091
9810	263203
9827	1091
9852	360712
9878	56346
9944	618306
9951	387124
9961	97796
10018	299725
10033	618306
10070	314283
10079	321609
10091	40180
10122	217822
10123	68754
10128	55249
10143	119062
10145	94524
10172	29708
10187	180309
10195	132023
10213	54882
10254	29299
10262	345927
10296	472597
10331	215184
10336	255756
10346	45952
10357	187073
10376	292048
10393	71520
10405	206834
10436	278626
10447	91527
10704	1091
10727	23540
10766	243476
10774	111317
10806	210717
10900	96605
10919	106201
10938	316186
10967	302849
11031	746840
11040	77907
11053	123147
11056	253449
11099	412054
11106	188071
11123	19087
11124	81856
11125	447469
11131	383663
11141	68754
11172	353407
11177	1808
11209	256812
11226	316903
11237	300960
11242	95552
11250	147577
11289	204103
11300	165760
11311	464858
11322	140691
11326	544205
11331	21293
11343	316186
11351	1091
11395	156391
11415	19707
11487	361580
11491	62837
11498	347831
11513	501161
11516	303402
11543	237119
11546	96361
11564	215184
11574	113333
11614	193545
11620	409660
11628	715379
11646	229714
11650	229714
11657	229714
11671	8976
11685	73617
11694	148423
11726	69353
11727	103970
11728	170674
11739	41953
11744	37845
11747	355337
11786	205253
11801	264760
11832	10106
11922	264457
11945	220057
11963	353407
11987	170674
12003	450780
12035	445849
12039	190468
12041	278381
12050	150687
12054	5911
12083	63993
12092	199932
12116	238342
12136	19692
12163	314659
12166	171712
12316	331361
12321	366346
12325	112555
12331	229714
12341	242305
12383	402692
12391	61680
12404	268872
12417	343683
12421	268872
12459	142868
12463	10106
12468	40577
12497	108972
12502	277211
12513	328877
12527	86395
12574	64856
12576	38554
12579	388815
12582	337343
12583	346058
12589	313915
12595	505696
12618	304653
12619	256134
12670	309041
12682	259718
12686	47180
12711	454560
12734	75327
12737	21699
12741	229714
12762	397086
12766	741383
12767	343042
12790	109885
12829	37845
12833	81616
12863	70220
12895	29299
12900	285623
12901	258743
12905	83481
12944	137902
12987	91657
13006	106201
13026	171818
13067	1313
13088	126446
13111	249514
13137	299503
13143	154587
13148	95512
13192	446646
13204	135383
13236	498580
13246	569770
13256	185178
13277	76583
13278	124552
13287	174851
13313	216431
13338	279699
13350	212784
13382	319177
13399	189218
13427	51286
13432	47180
13441	144321
13442	381438
13490	12047
13511	285623
13523	745405
13526	203077
13539	32449
13542	389216
13567	65765
13593	278468
13712	1694
13718	113841
13721	563578
13756	76583
13778	165930
13783	163154
13808	233279
13810	68771
13834	64157
13843	464858
13871	242305
13873	178621
13877	654428
13896	62322
13915	33234
13916	101353
13926	124552
13927	219698
13951	492841
13972	247027
13992	33188
14045	368373
14082	498034
14104	200395
14110	50995
14153	614004
14190	259401
14193	279192
14273	359947
14277	230838
14293	113237
14326	296787
14343	388815
14354	65859
14394	228854
14399	376480
14435	181275
14450	76583
14451	287833
14469	296787
14481	201839
14482	136631
14519	47433
14530	420029
14531	63489
14546	434463
14548	263113
14551	210990
14552	434463
14582	66614
14653	88560
14656	492841
14657	80213
14668	535961
14694	158362
14707	121167
14715	22787
14716	241293
14727	240094
14735	37789
14748	85789
14750	544145
14796	580452
14815	7779
14842	249534
14850	309661
14853	10037
14861	235491
14878	206201
14884	68782
14890	236178
14898	65350
14919	155456
14922	28299
14951	150687
14958	291052
14961	246244
14967	178621
14968	157273
14989	428233
14995	27438
15001	205111
15003	155456
15019	190468
15077	147900
15082	219288
15102	106201
15131	186088
15136	531801
15145	89062
15157	265945
15223	715379
15239	170674
15246	106201
15250	206834
15278	146445
15282	154284
15299	8983
15376	382202
15425	236380
15433	481252
15435	131542
15448	95512
15463	167501
15521	151330
15535	244230
15536	56346
15565	270775
15570	22787
15602	228772
15611	128492
15617	204518
15634	272663
15635	143558
15656	275867
15674	155014
15706	389316
15712	78353
15721	214600
15730	365717
15735	170674
15747	148944
15754	531607
15822	55005
15833	5911
15843	200835
15894	234455
15915	70257
15924	7779
15942	112001
15953	51023
15964	163154
16018	181124
16019	206201
16031	201936
16035	156391
16044	36025
16050	105091
16060	739997
16076	45877
16083	170674
16122	76583
16138	156391
16152	50221
16208	65568
16209	493431
16215	141209
16220	122888
16241	88068
16273	154306
16275	532847
16305	1403
16306	77032
16309	112808
16332	288481
16366	83562
16374	219698
16415	492841
16432	103623
16434	206834
16461	217298
16482	75816
16490	37845
16493	351829
16506	101145
16516	126119
16554	265481
16572	147207
16633	66818
16740	10037
16742	137902
16743	59791
16749	308227
16755	96080
16760	280127
16774	308227
16784	149988
16793	120206
16794	246737
16801	401214
16825	328582
16829	109792
16833	28309
16836	34072
16870	296787
16871	141402
16904	1808
16934	216700
16949	397936
16961	388815
16991	45877
17007	401214
17028	222298
17047	200558
17059	68523
17085	334867
17110	61177
17188	79064
17250	74696
17252	151656
17262	393912
17294	500270
17297	489734
17304	51023
17321	75302
17336	317214
17348	111550
17358	1091
17455	112001
17494	399433
17523	205253
17527	205253
17545	116722
17554	411506
17555	279699
17556	118348
17558	143171
17595	215184
17618	573953
17660	280127
17662	178708
17682	331361
17688	382202
17698	638836
17714	496502
17716	114113
17718	324174
17740	182608
17743	378491
17758	741383
17760	58727
17783	94270
17784	201933
17790	179889
17794	272139
17822	146615
17824	35620
17826	268807
17833	215393
17849	666770
17887	411881
17896	431048
17905	269459
17976	175864
18002	235792
18047	89715
18061	200395
18129	386457
18135	304653
18136	66614
18157	336818
18171	101984
18189	100180
18199	170674
18228	235490
18240	125733
18246	13174
18251	213177
18268	56102
18277	431048
18278	204471
18283	239086
18340	112001
18343	282741
18344	278664
18346	65765
18362	279699
18449	25800
18468	120204
18477	227064
18499	176481
18513	542071
18527	311356
18562	221053
18581	44392
18599	1313
18608	22787
18639	83214
18651	368321
18653	70220
18686	255460
18692	361579
18779	102323
18786	247612
18788	163154
18819	308237
18824	459664
18830	451365
18861	281848
18908	292985
18917	319776
18921	356224
18935	234081
18937	150687
18973	450780
18988	151220
19005	519972
19006	136061
19027	13879
19060	64743
19061	50221
19076	727551
19078	168833
19090	106435
19101	140214
19107	316290
19122	1808
19144	262552
19154	381271
19180	209224
19218	174851
19221	184926
19250	461247
19254	76270
19259	187073
19286	425616
19302	277768
19340	113130
19355	450780
19402	63489
19428	264110
19435	106201
19471	78401
19474	206834
19484	198085
19506	49216
19524	73918
19534	343793
19546	61854
19552	353407
19578	82920
19588	135383
19638	114113
19681	273015
19720	36254
19732	450819
19743	175519
19783	113841
19793	429386
19846	264760
19875	124552
19881	453650
19914	334867
19939	183704
19996	200395
20000	164665
20028	52595
20051	147389
20076	243029
20105	154587
20110	212175
20120	138996
20128	450780
20141	317533
20176	321017
20184	424728
20251	73441
20303	68782
20316	500765
20340	162442
20343	137902
20352	256812
20358	189311
20368	118484
20370	454158
20395	108599
20404	188071
20407	63645
20431	355369
20452	188071
20453	345941
20483	87998
20490	264453
20524	112482
20538	721146
20558	53151
20559	33479
20562	198085
20580	50953
20610	118348
20616	461247
20618	61694
20626	359445
20675	70220
20679	46905
20709	79767
20738	278788
20743	118348
20758	126119
20776	226545
20790	417978
20805	63645
20823	150687
20829	174851
20840	143171
20855	148944
20866	180309
20887	302251
20916	334324
20926	130748
21030	150687
21082	408316
21126	188071
21165	82603
21261	264453
21274	417036
21286	228020
21303	236449
21305	386446
21346	439360
21375	180309
21388	453479
21395	140933
21448	93905
21471	107406
21472	68771
21480	233205
21486	10307
21494	511002
21502	62563
21507	759834
21519	68256
21538	116334
21540	213667
21541	12047
21556	268483
21560	107406
21570	394788
21576	50953
21587	305493
21594	84464
21599	162442
21603	237703
21605	195467
21611	110430
21661	188071
21668	243029
21685	65859
21702	20564
21718	190168
21777	239086
21781	244027
21801	111317
21839	262811
21859	176744
21877	501161
21878	254905
21892	403862
21900	398277
21901	218448
21932	171010
21947	133935
21950	148398
21994	360753
21995	33851
22018	21699
22027	133310
22029	98284
22038	196102
22045	166885
22066	155765
22074	168561
22092	40577
22096	211088
22098	259401
22123	325435
22134	243029
22163	171818
22239	370393
22248	617170
22272	164385
22283	111550
22285	72574
22293	136909
22321	181135
22324	445031
22338	70879
22354	51023
22392	150687
22394	198519
22395	41953
22398	284641
22405	9050
22410	79977
22423	146885
22483	28309
22501	7779
22511	150687
22515	197943
22517	243029
22520	243029
22543	70220
22555	83562
22570	21304
22624	243029
22638	243029
22643	219698
22664	188071
22667	272584
22712	29003
22715	475247
22736	73865
22754	66614
22771	338875
22828	80213
22830	280127
22840	215184
22849	181275
22854	181135
22859	118348
22874	120204
22887	530902
22888	286695
22904	108104
22914	610081
22960	186885
22976	1091
22986	22787
23020	21699
23022	316186
23041	280573
23104	249514
23110	174851
23122	309796
23142	414924
23145	137825
23168	320015
23171	37061
23180	330953
23186	273571
23197	386343
23223	154944
23224	596475
23237	350951
23245	128088
23251	215184
23259	65207
23261	214600
23265	192610
23288	227796
23290	130613
23292	525174
23307	209898
23346	36735
23356	107406
23365	44925
23373	81951
23376	285623
23407	296787
23409	138455
23488	141402
23525	606986
23557	164665
23580	239339
23597	103313
23613	60739
23659	450780
23678	279174
23685	164226
23697	45877
23700	305593
23703	183902
23730	153610
23762	29299
23763	375857
23764	107037
23825	285623
23828	134723
23857	148944
23863	154237
23917	654428
23918	198728
23947	243029
23954	163131
23966	355369
23975	320275
24011	121667
24014	531833
24015	382115
24048	51286
24051	297742
24068	66614
24092	453684
24097	242568
24102	45952
24109	96787
24144	159593
24156	111550
24166	127634
24190	190957
24192	135234
24199	115716
24229	112001
24239	654428
24250	288313
24273	666770
24291	256812
24298	131661
24302	189311
24303	148944
24318	36444
24375	426934
24381	431048
24383	40577
24434	256812
24445	219698
24460	114113
24465	138442
24475	130748
24492	146615
24494	101883
24515	96361
24516	276714
24552	436434
24559	94270
24570	218547
24582	468115
24656	96361
24669	191595
24711	244027
24728	363738
24729	95512
24735	230706
24760	37845
24769	246503
24775	121667
24783	65397
24815	95512
24823	101067
24828	289512
24836	259804
24845	500270
24847	111550
24858	283592
24878	118517
24883	99987
24892	101145
24914	35620
24916	131967
24926	460527
24933	125680
24945	286317
24961	130613
24977	124240
24981	158362
25010	336299
25020	246244
25038	95512
25054	120206
25067	282456
25068	245667
25081	21839
25104	21839
25106	428462
25120	128088
25148	345743
25150	387021
25153	308824
25175	106941
25186	285831
25213	187749
25240	83562
25244	353407
25250	159118
25256	48373
25260	5911
25280	44344
25295	115716
25359	91657
25373	158362
25384	50975
25394	122056
25439	165402
25448	148944
25453	288784
25455	349522
25457	29299
25474	121592
25483	88155
25531	172492
25540	163154
25550	249168
25565	420029
25584	63221
25587	393698
25604	188113
25607	359947
25615	222298
25655	304653
25686	412330
25692	48022
25698	113940
25733	236449
25735	501049
25751	33234
25872	185212
25883	92767
25907	334324
25911	91247
25934	285888
25955	275043
25957	253189
25970	190168
26009	492841
26019	98836
26044	331361
26045	124998
26065	326264
26074	10037
26093	426934
26094	184125
26100	266488
26115	150276
26144	126218
26152	59791
26166	153610
26172	50953
26200	301254
26262	80042
26272	365719
26277	340945
26291	111778
26310	104462
26328	547628
26329	210151
26341	165711
26399	220088
26449	66818
26566	98625
26593	259804
26617	516841
26627	174851
26652	101505
26655	263039
26658	609785
26661	147389
26689	95512
26697	10037
26706	137902
26717	28309
26721	51023
26745	54183
26746	86663
26751	5911
26769	187339
26812	207232
26849	666770
26852	270650
26940	166639
26941	710416
26942	51023
26945	178431
26952	431626
26976	146615
27003	215801
27010	270650
27013	80702
27039	270650
27048	223964
27068	182278
27070	305301
27076	37845
27084	68782
27091	270650
27113	236356
27124	75816
27135	270650
27136	317057
27172	123066
27183	102574
27196	275867
27210	22787
27229	225511
27249	207964
27252	5911
27268	395174
27272	83710
27273	150687
27277	355979
27288	292376
27325	216431
27330	120206
27355	29003
27386	330231
27395	219698
27401	92767
27425	310599
27426	323744
27430	198711
27436	428347
27439	219698
27463	139478
27469	377255
27471	238342
27481	492841
27499	196472
27511	109792
27516	1808
27562	276998
27563	126218
27572	115799
27575	111317
27579	135383
27591	304653
27594	139478
27601	100403
27602	132501
27605	304653
27614	19707
27624	128284
27661	289034
27666	132040
27670	101984
27671	52434
27682	83550
27693	270893
27698	205885
27717	157730
27734	38217
27747	1808
27756	158362
27765	248409
27778	21839
27792	388815
27798	533793
27807	200395
27815	103970
27837	248046
27844	528387
27867	54670
27877	73441
27884	28104
27927	256472
27934	110826
27943	200395
27965	164665
28001	162044
28009	305862
28012	131446
28016	547628
28031	379225
28052	410193
28093	323232
28098	502452
28101	233695
28113	380806
28207	124552
28250	154306
28269	209224
28271	329199
28285	1091
28319	118348
28323	204653
28328	84464
28346	95512
28364	35848
28371	336818
28401	169078
28430	10037
28445	267901
28493	66614
28498	610081
28528	265945
28531	70220
28555	10037
28559	72456
28587	244027
28594	1754
28626	114113
28640	120204
28672	53231
28737	255761
28759	233616
28762	72798
28765	86757
28766	225172
28774	400160
28777	260456
28783	51023
28791	256812
28793	113237
28801	87789
28809	300999
28819	168849
28849	276714
28862	165326
28875	237107
28893	178145
28895	7779
28897	162758
28942	81616
28962	380742
28974	81912
28980	51286
28985	353407
28992	435271
28995	97184
29003	128088
29020	268678
29048	144321
29067	86395
29086	420203
29098	131446
29103	119062
29122	253746
29127	84017
29128	69445
29166	187073
29176	233760
29183	439638
29202	755066
29233	307009
29237	162341
29241	19707
29242	538432
29244	208474
29246	61024
29247	103052
29252	229880
29268	66234
29272	342686
29310	338875
29311	58884
29339	42666
29374	104280
29413	66614
29424	259804
29428	116904
29435	359581
29447	107368
29459	492841
29465	64020
29471	241497
29632	70220
29696	1808
29710	300652
29734	246751
29789	3166
29792	38508
29798	88355
29807	170674
29812	194869
29830	426616
29839	160950
29842	243029
29846	215184
29853	263039
29867	341675
29890	53218
29892	74466
29924	41953
29925	1874
29960	170674
29968	1313
30035	78019
30043	76583
30050	125680
30055	87915
30059	174131
30064	48373
30074	3772
30088	179748
30104	437397
30126	511002
30127	40180
30135	95109
30146	124552
30152	579112
30153	147389
30158	145130
30160	304537
30173	174268
30178	280607
30187	229714
30192	63489
30196	79674
30199	245949
30201	174814
30209	417036
30224	83252
30232	721146
30244	404083
30248	24792
30251	303035
30259	102574
30260	194866
30262	148467
30264	100699
30278	276774
30282	81616
30289	263203
30306	19707
30316	179247
30321	378423
30347	501161
30356	19707
30381	149273
30390	46506
30396	501161
30402	21839
30425	393698
30451	163597
30492	353929
30509	158362
30516	35546
30521	35620
30535	236449
30548	300999
30600	113161
30621	96787
30668	399129
30687	107504
30699	469252
30716	41953
30718	256812
30725	154587
30744	219698
30757	3772
30784	128992
30785	244594
30789	186679
30795	27862
30808	501161
30810	169078
30817	380806
30823	137902
30839	177416
30845	228975
30847	153790
30861	36670
30870	384534
30885	290350
30889	175646
30914	233190
30934	170016
30963	280127
30967	456664
30974	297742
31008	538565
31075	98625
31106	112708
31250	89852
31252	10037
31270	385988
31336	47744
31346	410193
31360	410193
31365	84474
31372	124552
31376	13710
31382	749670
31391	201582
31397	673574
31400	115800
31413	386848
31415	33851
31425	133987
31428	320275
31431	485516
31452	200395
31457	89575
31467	155765
31486	184125
31502	102435
31518	121670
31535	8422
31554	458965
31555	78401
31572	308227
31702	224512
31707	373311
31714	492841
31734	58800
31743	142885
31756	259336
31758	379582
31800	492841
31808	66614
31815	327214
31827	186723
31846	101984
31854	46946
31867	64856
31906	501161
31934	60094
31968	129850
31969	192261
32018	302849
32028	461247
32038	230838
32050	51023
32061	233190
32066	461247
32071	219698
32082	265945
32090	230838
32105	70220
32110	461247
32120	106718
32142	158362
32166	165760
32171	62186
32185	274948
32223	277768
32254	97006
32265	94819
32269	501049
32270	302849
32279	176882
32310	3772
32317	185915
32321	604259
32330	12047
32331	412683
32334	135383
32354	151290
32369	179348
32378	19707
32413	185915
32455	330534
32456	376246
32457	72547
32485	164665
32488	235327
32514	91247
32524	517101
32545	229880
32647	10106
32658	164226
32663	119206
32664	28936
32667	727551
32675	123066
32712	126119
32723	135169
32725	257975
32744	161329
32758	120964
32786	343683
32789	283592
32796	460559
32797	84885
32840	343885
32856	102076
32858	74427
32884	105974
32895	111317
32897	28299
32901	168833
32907	126417
32921	262811
32942	355337
32972	92961
32980	285888
32983	109792
32989	186679
33006	221053
33033	167790
33034	196403
33054	51023
33057	147979
33081	98330
33088	108147
33108	267524
33147	215184
33160	192618
33200	95763
33290	136909
33296	449928
33318	304653
33319	383694
33351	160165
33354	228854
33366	229083
33388	153977
33446	730250
33579	215184
33623	104102
33638	79262
33648	111029
33651	227141
33677	456583
33686	70220
33696	111550
33713	102500
33722	237119
33730	22787
33742	306137
33754	191090
33756	464858
33761	256630
33765	214600
33768	254958
33780	190978
33815	66614
33817	19087
33823	279699
33853	377238
33865	44344
33875	243029
33889	199054
33894	158258
33896	156334
33901	40577
33919	199054
33928	311940
33962	298997
34021	311940
34032	469656
34034	28299
34055	209529
34059	262856
34074	127634
34084	28309
34093	279699
34112	187644
34140	610081
34161	277211
34167	241085
34185	43095
34248	130002
34256	190803
34275	112708
34296	190468
34302	180309
34304	148944
34308	489480
34317	330231
34320	95512
34351	246244
34356	189024
34378	171712
34385	72798
34389	38508
34395	244230
34455	130748
34463	326149
34476	98625
34487	187117
34493	280523
34496	167254
34506	143171
34517	493898
34531	344264
34536	40577
34545	34107
34550	272194
34551	100180
34553	402123
34558	112001
34562	286208
34590	283901
34629	363284
34640	37845
34641	766005
34646	52684
34651	187073
34653	22787
34656	16307
34693	111550
34702	112001
34704	227776
34706	255556
34738	315273
34741	193545
34762	337037
34792	20535
34805	691107
34823	330073
34853	446383
34900	213667
34926	179348
34993	132551
35011	135383
35030	403291
35180	525174
35189	30454
35206	198788
35209	147634
35210	76583
35211	38162
35212	446383
35266	40414
35269	1091
35288	262902
35291	107907
35298	10106
35299	294759
35305	65587
35322	492841
35324	33378
35344	120304
35373	129222
35383	194230
35385	76583
35392	16307
35393	103970
35396	168829
35399	62669
35421	271845
35444	215211
35466	12047
35499	70220
35506	246977
35524	328868
35529	118348
35532	213667
35541	222523
35581	154517
35625	51042
35639	113807
35643	29708
35645	328582
35648	352159
35681	157003
35692	98330
35700	124998
35719	325531
35721	334356
35724	565154
35731	360855
35759	241283
35762	164226
35766	206263
35776	35620
35782	146833
35801	300999
35806	16307
35831	219698
35865	280025
35875	19707
35961	154587
36098	228772
36144	126417
36161	394074
36176	302849
36196	366346
36218	303402
36237	75816
36255	1091
36257	149988
36283	286208
36297	123305
36298	278270
36305	243029
36307	188071
36318	76583
36409	94819
36447	203833
36457	53846
36462	72798
36464	277208
36467	7779
36486	293001
36511	7779
36516	275867
36534	28320
36578	296787
36589	402488
36602	296787
36616	276581
36617	3772
36630	379934
36733	104350
36742	450780
36749	192261
36781	1847
36787	406833
36788	124552
36790	289034
36797	150687
36825	85789
36863	348233
36877	200395
36888	164226
36896	19707
36934	243658
36947	164385
36983	277987
37022	28299
37110	256812
37129	180309
37133	280165
37167	369311
37183	186775
37201	48628
37208	191325
37210	398319
37231	148109
37234	262856
37247	225573
37266	40577
37294	57709
37332	292189
37334	82736
37347	131792
37350	25800
37353	499906
37358	25800
37359	111317
37375	1091
37391	92767
37420	237119
37448	64856
37450	296755
37454	231388
37502	126417
37531	189047
37533	365330
37535	166885
37568	302618
37580	532596
37589	338875
37623	1091
37626	26159
37639	114024
37657	98991
37699	98991
37709	89117
37719	44344
37731	598082
37748	86395
37755	286695
37799	163597
37811	195755
37821	10106
37824	150687
37829	178172
37839	25800
37843	130748
37859	113427
37878	106201
37883	446383
37892	279174
37893	187073
37895	436345
37907	125733
37919	197763
37924	124998
37925	111550
37938	196102
37954	161434
37955	82736
37963	219698
37968	234658
37977	359947
38007	113911
38015	376246
38078	79064
38081	610081
38094	205253
38104	112708
38108	242305
38179	172286
38195	114113
38198	352159
38206	299725
38240	102574
38250	102574
38329	137902
38330	340945
38336	25800
38337	198445
38343	70220
38379	196472
38384	113333
38424	141972
38441	1808
38451	733924
38454	666770
38460	131792
38462	247746
38475	74695
38476	152330
38477	280552
38502	321609
38509	94801
38530	159244
38560	10037
38584	168176
38600	322254
38611	78220
38628	234507
38649	273915
38653	464858
38674	320015
38704	25800
38738	246447
38748	111550
38751	219611
38774	450780
38852	174702
38874	28413
38887	1808
38906	48373
38920	230706
38923	28413
38930	1847
39003	24514
39048	238342
39234	241548
39238	363583
39271	120204
39287	167958
39312	388815
39316	184679
39320	246503
39328	66614
39373	190468
39408	305976
39420	461247
39446	137902
39459	178172
39475	449214
39503	213633
39510	52431
39555	71874
39576	159192
39589	50221
39618	233190
39635	58100
39641	206834
39651	502162
39653	124298
39671	128492
39689	254617
39744	13710
39746	316186
39770	72983
39774	277208
39784	281498
39790	112001
39860	285623
39874	352543
39883	537889
39884	450780
39886	274948
39892	103358
39894	272011
39899	386848
39900	35620
39912	181333
39930	210130
39946	446547
39947	123305
39961	72273
39963	501161
39969	413473
39977	243029
39987	49448
39992	237506
40001	167663
40008	151532
40015	431048
40049	89117
40050	497806
40090	359396
40096	96361
40121	321548
40140	212005
40150	610081
40157	309957
40158	76583
40168	200395
40170	118348
40177	299728
40222	51023
40224	50696
40239	92233
40256	371084
40314	71874
40397	529201
40400	235117
40411	13879
40521	579112
40609	428347
40646	3911
40718	79674
40754	111159
40765	303865
40787	45657
40806	58462
40819	537687
40825	58462
40829	58462
40831	243029
40834	421945
40846	140357
40860	355472
40863	35848
40868	216120
40877	416658
40882	126218
40884	83562
40908	71327
40929	307789
40938	239077
40967	49365
40970	250868
40983	366346
41000	156212
41034	230672
41072	125680
41189	366346
41236	285322
41259	276236
41289	216120
41292	259286
41309	12047
41341	565154
41403	84080
41421	144110
41469	370663
41476	388815
41546	50221
41548	107406
41550	482223
41552	254065
41573	170674
41584	62136
41586	67466
41592	239230
41641	303146
41647	135383
41663	87240
41699	178305
41700	121683
41718	287196
41740	71874
41750	143696
41751	35620
41755	144630
41756	137902
41773	84464
41810	166639
41813	56280
41826	223964
41840	290172
41870	524713
41875	256812
41904	76270
41909	63221
41924	507585
41925	235714
41934	30624
41938	236887
41939	303983
42020	490896
42115	61052
42160	25800
42177	510613
42185	267535
42206	672365
42227	240001
42243	501161
42253	150171
42274	40180
42277	177526
42311	513821
42360	397698
42414	176486
42426	320275
42449	126919
42466	200395
42493	139543
42507	174851
42546	77202
42579	74466
42591	164166
42603	253662
42615	316290
42629	248503
42631	527215
42682	126218
42685	112503
42741	132040
42752	548310
42761	277529
42768	330607
42790	132343
42805	379180
42816	62563
42817	10106
42847	288796
42904	31378
42909	170674
42910	154587
42915	277531
42932	316903
42950	383208
42965	28309
42972	62322
42978	184758
43004	165760
43032	238016
43064	190468
43065	127266
43079	38508
43106	187918
43107	288744
43114	138996
43122	164385
43123	178430
43132	727551
43134	344235
43177	144110
43205	127255
43223	127255
43237	186338
43248	19707
43277	127255
43296	127255
43317	249767
43334	111550
43403	154587
43416	67222
43428	19707
43447	129222
43448	219698
43538	357127
43544	225199
43558	225199
43575	233987
43585	340945
43616	262856
43627	393096
43643	236887
43645	492841
43646	202826
43664	19707
43693	180309
43736	107899
43773	382202
43786	47744
43795	41953
43813	150687
43852	52684
43855	218547
43865	397936
43878	304615
43882	59148
43886	402488
43887	50953
43895	337220
43923	236298
43928	25800
43943	394226
43948	190468
43960	644479
43982	179021
44017	262856
44067	145197
44073	174702
44077	141347
44082	90841
44091	22633
44097	256812
44105	37845
44107	359947
44110	82113
44113	93596
44128	51023
44137	245587
44138	10307
44141	289034
44153	223758
44168	166083
44174	267723
44221	263204
44229	124552
44230	195084
44238	195444
44247	112001
44286	219698
44288	239926
44311	130748
44313	190468
44325	10106
44356	4263
44360	273295
44370	111550
44373	83721
44385	106201
44386	26906
44389	693319
44391	121667
44395	106201
44410	60851
44418	270650
44425	265945
44429	308237
44441	207232
44502	50953
44505	71874
44518	219288
44521	188071
44524	167663
44573	297627
44574	191325
44600	127936
44612	234455
44613	302362
44615	233987
44616	63645
44621	35620
44632	343042
44651	289034
44653	450780
44658	103052
44683	38972
44695	78353
44707	407921
44713	22787
44718	347389
44724	24792
44727	353136
44736	148944
44738	305976
44743	51023
44756	343683
44759	318809
44760	78756
44761	178305
44778	165760
44782	184270
44812	49365
44814	34072
44815	363284
44822	262766
44845	48373
44857	343042
44895	148109
44897	614004
44899	428655
44904	358305
44918	33851
44920	66002
44956	233636
44960	193545
44973	45952
44977	103970
44981	193545
44984	120907
44993	71783
44998	174851
44999	370517
45008	40077
45016	437581
45020	29299
45030	320767
45043	75327
45047	265085
45055	80205
45071	480027
45111	80537
45125	28309
45169	275867
45213	271136
45310	161921
45494	111438
45539	337037
45549	452195
45574	52684
45592	127097
45593	353407
45597	118348
45610	95010
45642	530860
45653	19707
45662	66614
45691	82603
45696	27862
45710	28309
45750	494470
45758	452730
45784	302251
45799	225172
45808	246503
45810	101251
45815	259804
45818	53625
45826	81145
45830	236887
45836	99743
45838	205829
45853	39537
45859	275527
45910	628534
45923	66614
45927	304848
45937	63620
45944	466943
45966	241840
45982	257975
45983	472140
46003	156391
46010	112001
46019	205253
46056	461365
46070	222298
46074	124998
46084	169078
46086	312298
46131	35866
46132	320275
46162	146615
46169	322363
46177	260721
46178	120204
46211	198788
46222	22787
46295	68782
46327	249514
46344	199977
46372	131967
46373	118348
46377	654428
46397	646984
46442	206210
46449	41953
46455	151330
46458	70993
46472	54696
46474	170674
46565	126218
46602	492841
46750	178321
46789	99987
46802	24745
46827	103970
46837	61024
46840	74466
46841	373608
46851	171505
46855	270030
46859	282329
46898	187117
46908	159740
46916	408744
46920	36025
46931	146267
46946	336818
46959	86048
46969	373233
47002	29933
47030	76583
47041	70319
47070	243029
47073	181427
47080	76583
47087	150687
47088	10037
47127	292985
47140	230696
47148	230696
47158	207234
47167	256812
47181	130748
47183	306137
47185	183018
47186	132040
47194	250262
47198	225365
47206	150687
47226	1808
47227	435388
47237	43860
47260	100421
47269	156391
47273	73881
47276	73881
47286	84995
47302	128088
47369	79690
47393	331051
47407	155350
47486	190468
47511	171471
47513	51286
47515	370706
47526	124552
47552	123305
47562	212784
47567	340722
47593	328868
47618	147840
47622	50953
47626	134723
47629	300999
47635	59791
47645	316186
47659	129084
47660	435388
47663	30687
47677	111575
47692	110430
47696	201709
47701	289034
47702	317951
47714	282970
47733	448368
47755	50696
47764	1874
47765	60851
47781	397228
47786	29708
47816	458103
47822	337277
47837	414920
47852	1874
47859	29708
47868	220359
47869	428967
47870	81332
47879	87226
47884	316186
47909	10106
47910	225875
47920	10106
47924	403839
47927	474263
47953	1847
47954	10106
47956	190468
48003	317214
48005	317214
48009	317214
48040	90345
48041	200395
48043	200395
48044	151242
48069	111550
48070	200395
48083	129084
48102	243029
48106	111438
48131	501049
48149	144110
48164	309388
48172	449605
48195	237600
48221	303146
48224	86149
48227	260547
48240	106201
48258	189293
48301	283475
48320	380564
48352	211995
48370	135933
48383	458992
48387	167444
48390	414924
48397	144048
48409	51286
48412	62728
48453	414585
48464	104263
48500	188071
48533	351101
48595	153321
48613	126417
48677	135383
48705	256812
48760	247642
48775	181039
48840	68771
48846	356966
48852	193545
48854	208422
48880	37061
48883	33851
48896	56346
48898	116235
48907	219884
48914	54670
48925	33974
48947	165760
48948	52684
48963	113255
48967	98991
48972	51286
48979	181039
48986	381438
48991	106201
49033	343683
49042	156391
49164	306595
49278	159740
49309	50340
49396	179870
49410	303279
49432	75777
49439	64856
49443	143696
49447	103970
49473	539465
49508	40577
49511	180309
49535	209224
49547	150286
49556	165760
49563	193281
49585	213930
49601	379180
49603	87108
49609	501161
49610	180309
49617	518347
49621	180309
49667	398451
49683	300396
49685	381760
49687	253577
49690	431048
49776	539465
49790	124960
49793	202536
49815	193281
49816	24745
49823	126919
49834	58539
49839	165348
49860	279434
49861	48373
49862	610081
49891	279699
49928	477866
49940	111222
49960	158362
49962	247438
49983	96361
50002	340134
50007	311752
50044	120204
50050	17870
50066	216004
50068	185178
50107	357928
50114	326515
50131	108302
50148	246244
50169	110670
50177	103970
50186	21699
50189	68827
50194	357928
50215	372921
50220	510964
50235	201873
50236	328730
50242	199054
50243	258050
50256	164226
50267	489734
50291	86739
50293	66614
50294	86739
50306	426616
50319	353448
50330	119171
50337	149988
50382	198176
50383	390543
50384	28739
50391	121592
50394	261609
50397	116829
50399	148944
50400	110430
50404	263203
50409	228537
50410	76583
50419	258099
50424	101883
50432	532442
50452	56379
50454	411286
50465	404767
50468	37845
50511	242305
50529	233987
50534	111550
50539	210717
50547	103358
50573	360639
50592	376953
50594	450780
50600	148944
50604	242305
50626	190468
50628	99987
50642	41183
50643	25685
50645	320120
50651	202590
50673	145197
50675	124998
50677	473075
50678	66614
50679	157178
50680	142868
50693	219698
50697	388238
50701	353407
50702	320015
50706	320015
50714	272139
50728	212324
50749	375270
50761	76583
50771	76583
50854	45022
50855	50954
50871	199054
50893	213177
50911	176819
50917	85903
50929	64562
50945	75895
50986	220971
50991	92767
50998	307009
51003	51286
51013	412054
51016	315882
51018	220971
51033	266918
51044	296738
51048	135383
51054	303035
51062	13710
51065	51023
51074	169408
51083	146445
51096	375857
51098	164226
51102	143696
51110	206834
51115	158362
51118	127255
51124	501161
51136	150687
51154	218448
51156	397228
51168	450780
51185	96361
51189	334324
51193	127642
51195	51042
51196	58517
51207	51023
51229	418405
51230	48643
51235	19692
51247	246503
51249	64856
51252	246503
51253	125733
51255	129222
51257	131572
51258	359396
51263	164665
51267	153706
51271	131572
51272	131572
51273	171038
51274	72798
51275	154040
51278	154944
51283	312298
51285	233190
51286	233190
51287	233190
51289	72798
51304	347953
51306	244064
51317	10106
51325	224512
51340	193545
51351	51023
51353	246503
51368	383663
51381	51023
51403	124998
51412	296329
51415	87752
51418	1313
51425	379582
51449	296329
51452	458992
51460	194038
51468	111029
51472	333812
51522	25800
51555	242305
51592	450780
51596	343885
51601	524390
51610	188071
51611	103970
51613	336818
51621	556472
51628	41490
51638	199977
51644	239544
51657	217910
51662	614004
51673	151723
51674	345927
51684	108109
51687	68771
51691	76270
51696	200297
51698	493254
51700	435388
51714	175616
51719	435388
51721	368018
51737	259804
51740	194800
51777	70220
51797	279626
51798	32803
51836	71127
51850	410193
51853	443100
51855	32803
51861	397086
51863	324174
51889	338070
51890	164711
51903	108551
51942	35037
51945	111550
51950	130031
51982	220661
51994	24792
52003	157498
52007	312298
52015	242461
52017	87982
52032	593816
52035	292985
52065	246072
52080	263225
52090	234507
52092	109792
52097	104647
52100	141209
52102	28299
52104	164385
52107	184611
52161	187454
52173	23191
52185	23191
52191	406277
52194	75534
52208	66614
52219	86149
52221	330231
52229	48643
52281	343683
52320	170674
52331	188113
52340	72172
52354	338621
52366	96361
52368	277768
52389	112001
52411	266169
52428	353407
52435	174588
52452	142555
52462	40077
52488	426934
52489	312632
52491	171712
52492	237663
52495	99936
52497	203261
52500	68445
52547	133533
52549	351383
52557	328730
52565	232304
52567	237663
52576	183127
52601	96787
52619	254617
52621	132340
52627	144321
52671	426934
52690	101156
52693	423892
52699	489734
52724	98991
52726	1847
52754	489734
52756	204152
52764	204152
52796	89864
52824	343885
52838	239077
52845	70109
52873	328868
52877	330038
52909	220057
52984	68445
53011	191993
53035	343683
53047	239077
53077	83562
53082	233279
53106	151330
53107	749670
53116	337265
53117	347953
53136	41444
53166	96787
53180	214703
53181	326190
53192	88033
53205	69011
53208	130748
53218	41953
53222	128389
53233	5911
53239	113712
53252	188071
53263	66614
53265	95512
53266	150286
53269	5911
53281	403291
53284	310322
53295	214600
53303	180103
53310	154306
53349	120204
53361	51286
53367	120946
53368	255057
53374	38091
53386	57488
53390	72547
53392	299728
53396	220473
53401	506825
53436	230838
53449	506825
53453	136631
53454	353407
53466	354426
53490	111944
53513	238119
53534	167136
53543	84689
53549	150687
53594	3772
53597	307009
53610	84689
53662	158258
53664	370116
53690	150687
53696	125680
53720	310322
53722	485818
53723	485818
53733	316186
53737	721146
53740	198519
53742	41953
53744	142868
53748	135383
53759	40617
53809	58687
53836	72798
53844	127492
53847	108215
53851	154587
53884	407921
53889	220558
53891	174551
53893	191090
53894	289067
53896	693261
53906	201936
53909	276575
53911	10037
53912	12047
53918	103052
53950	347953
53974	99416
53975	32803
53976	32803
53988	262811
54002	249641
54020	304653
54043	527329
54046	304653
54049	456664
54057	71419
54062	63407
54079	279699
54093	164226
54101	98157
54104	241536
54121	206201
54125	73918
54136	190468
54146	193195
54155	289034
54163	167308
54180	316553
54185	40577
54186	90278
54189	28309
54197	48373
54200	66948
54233	55728
54241	283176
54260	336818
54282	450780
54283	171818
54288	284034
54294	54472
54296	200395
54306	347953
54344	393654
54347	718518
54350	306955
54351	141090
54360	196472
54378	204471
54379	45690
54395	489734
54400	25215
54440	83041
54441	66614
54446	488565
54451	140357
54484	83156
54497	157285
54498	288519
54502	32822
54506	396712
54526	195754
54545	370154
54584	120204
54589	190468
54599	471708
54609	279855
54644	298050
54648	83550
54690	316486
54722	52788
54738	266532
54754	84261
54755	320275
54759	56467
54788	106201
54795	446547
54797	44344
54810	70951
54820	274948
54833	454980
54842	166083
54866	448581
54869	156391
54879	126689
54923	50953
54935	171712
54941	68018
54947	101883
54957	55369
54966	443737
54968	407921
54993	78857
54994	420555
54997	397204
55012	351037
55014	280486
55021	241692
55031	124998
55038	123465
55040	112555
55053	37845
55054	32803
55057	181977
55078	154846
55089	280127
55119	41953
55122	205247
55142	37845
55148	44344
55150	317057
55165	112344
55167	197126
55172	111550
55176	129084
55179	76270
55185	429627
55199	70220
55208	85868
55212	193545
55230	215453
55232	201879
55246	343683
55263	28309
55277	119866
55278	727551
55283	13710
55296	267336
55318	244027
55320	347831
55340	148944
55358	510232
55359	96787
55372	190468
55382	118219
55425	148944
55429	303035
55518	624381
55531	326149
55540	98991
55545	258586
55572	98991
55594	112503
55596	478702
55602	158362
55619	219698
55629	25800
55633	218318
55638	292669
55646	166721
55652	45906
55666	127255
55668	407921
55674	47744
55701	258586
55703	258586
55704	359947
55705	66614
55706	222902
55708	26906
55709	73288
55721	22787
55722	13879
55746	353407
55756	170674
55760	228854
55767	466134
55773	336818
55774	266593
55778	55897
55794	193437
55803	331699
55856	128088
55892	56346
55898	164665
55899	56346
55929	50221
55932	410193
55950	45022
55953	28309
55977	230813
55978	354426
55980	122725
55991	114113
55998	150687
56036	56346
56041	118348
56075	72798
56089	321609
56108	290350
56110	164665
56159	610081
56165	66818
56166	135383
56168	485365
56169	485365
56177	205253
56187	461566
56196	314748
56198	54670
56200	321609
56216	57571
56233	314748
56249	561721
56251	289034
56253	34864
56273	68754
56276	236934
56282	115901
56295	156539
56309	5911
56333	76500
56345	29299
56354	75502
56359	127675
56364	29299
56367	70198
56395	50953
56420	225741
56422	198085
56450	148944
56487	108599
56488	356759
56489	190957
56493	22787
56494	22787
56504	412054
56525	48955
56527	324483
56531	142923
56543	32803
56565	276581
56575	160275
56577	417036
56588	68782
56596	290614
56635	121684
56637	199054
56640	305976
56681	317214
56685	317214
56696	265945
56706	184621
56713	96578
56752	510232
56754	100672
56756	209303
56796	166083
56807	270650
56820	19087
56867	215184
56872	455556
56881	33851
56939	160165
56957	560625
56983	1847
56987	123465
57006	292561
57008	362043
57020	141114
57032	190586
57040	125543
57046	47064
57048	123465
57073	127634
57080	10037
57088	85715
57098	306499
57140	73810
57141	171712
57143	363583
57151	61024
57166	382852
57175	45022
57217	285888
57250	110430
57289	247104
57292	63002
57298	31636
57317	365330
57340	145342
57372	174851
57376	379582
57401	70464
57406	62322
57409	526644
57416	84494
57421	92209
57428	220974
57434	13174
57440	199977
57465	59034
57466	48459
57467	59034
57469	228854
57486	148944
57494	356017
57515	30071
57524	510232
57548	57571
57550	171953
57551	171953
57561	98585
57569	239086
57575	448581
57586	1847
57591	492841
57592	408025
57600	106201
57601	25800
57611	86149
57613	259187
57620	82849
57626	145446
57637	298332
57646	93200
57688	235714
57696	271365
57699	151723
57725	38972
57734	41149
57743	40414
57764	560625
57770	324174
57782	285627
57789	158362
57793	260456
57809	279366
57836	252738
57865	33188
57887	50953
57903	441560
57939	169078
57941	55005
57950	159530
57952	135383
57956	174259
57966	323232
58023	394226
58051	95109
58113	106198
58180	150687
58256	397936
58324	207779
58341	178728
58348	150687
58445	71858
58447	230761
58448	139045
58452	107899
58456	263811
58468	61024
58483	375671
58488	250921
58490	250921
58535	441004
58555	121111
58557	313078
58563	666770
58564	53708
58576	166996
58577	107406
58611	393654
58625	270650
58626	83642
58629	348233
58656	25800
58707	261591
58711	505802
58727	643837
58741	141692
58760	8976
58773	194012
58777	149376
58832	147207
58839	147389
58845	83562
58849	463980
58866	44392
58867	397936
58895	45271
58898	278201
58928	220661
58929	52684
58964	111550
58974	46370
58976	226751
58993	168513
59001	107899
59019	314748
59028	162742
59035	47433
59047	573726
59051	64743
59054	38780
59103	145281
59118	90316
59130	70198
59173	145130
59223	38972
59225	411285
59227	209506
59238	98585
59258	264478
59288	38972
59306	147577
59309	425732
59310	544150
59329	332322
59337	111550
59356	243476
59398	118484
59426	13710
59431	317214
59439	308567
59444	197624
59445	317214
59447	317214
59479	63432
59501	219698
59522	212324
59528	335002
59548	47744
59560	180113
59574	182094
59589	236449
59600	74611
59613	162341
59621	201315
59629	208422
59632	197126
59634	182924
59652	306137
59664	239077
59665	210990
59671	273597
59684	124877
59686	222817
59698	32803
59706	55796
59712	8422
59733	35620
59745	589402
59760	182094
59761	324174
59764	182094
59780	206201
59821	154587
59822	239544
59824	362809
59826	190983
59840	25800
59843	396051
59872	324174
59889	215184
59892	39486
59893	263113
59903	179949
59908	256812
59923	53353
59947	32803
59968	10106
59980	66614
59984	333695
59986	40077
59987	320275
59991	103970
60002	613251
60003	246503
60062	147840
60069	267336
60070	268699
60071	244979
60072	742262
60079	316475
60082	28309
60093	453462
60094	530860
60105	164042
60120	178430
60124	693261
60127	40225
60137	210990
60138	486071
60150	457024
60185	113161
60281	113161
60349	113161
60362	318945
60376	318945
60418	62253
60450	374827
60480	236887
60577	315323
60645	51023
60646	161434
60647	7183
60659	327289
60688	497318
60689	120984
60712	510232
60713	113333
60738	265945
60751	63489
60767	320275
60785	96064
60791	450780
60793	200474
60804	67264
60816	63489
60819	216477
60831	213667
60846	424250
60873	143484
60878	278352
60882	351939
60890	257594
60899	610081
60978	33900
60980	431048
60998	67897
61005	152736
61007	202597
61010	1694
61012	371699
61013	289512
61016	370182
61034	199330
61053	219698
61068	32803
61089	289893
61093	382252
61107	464858
61141	277768
61170	186035
61175	1091
61178	190468
61183	155014
61195	98991
61220	120206
61236	118348
61237	400890
61253	247027
61259	274698
61270	108948
61276	25800
61284	171788
61289	252253
61295	383520
61303	528886
61310	824
61325	279174
61342	178305
61343	173028
61344	48373
61354	205763
61365	74466
61383	219303
61385	252909
61388	25800
61401	300652
61411	343985
61421	126218
61422	393698
61435	208937
61492	25198
61509	446143
61510	73288
61513	180309
61515	84196
61523	289034
61552	273703
61555	28299
61572	254070
61573	494174
61581	196995
61587	196995
61620	85967
61621	316186
61628	279699
61640	69011
61661	151656
61663	99224
61698	457581
61703	168833
61722	174851
61737	45293
61743	245587
61766	37061
61772	216914
61782	159740
61807	62322
61838	106638
61851	135383
61881	61854
61913	141726
61917	141952
61925	233744
61937	153149
61941	311752
61950	49443
61959	749670
61960	282828
61970	681437
61975	37845
61981	77770
61984	530860
61994	269075
61996	1754
62013	535961
62018	106201
62024	154880
62047	280573
62064	247438
62102	200395
62117	265945
62121	94101
62136	96361
62137	66614
62145	98625
62149	500270
62164	321548
62186	3772
62189	102574
62195	53528
62197	739997
62199	247746
62217	225761
62241	103970
62242	443511
62248	55496
62264	3772
62266	332258
62273	101584
62277	413970
62279	301369
62291	77988
62335	395161
62362	211119
62378	211119
62381	169376
62393	36414
62395	492841
62401	210561
62402	335002
62403	101883
62404	31636
62426	88736
62427	51539
62430	474276
62478	32803
62503	545834
62509	108147
62511	305493
62512	309957
62514	174588
62516	187918
62518	187918
62536	239077
62547	216180
62550	555152
62554	304653
62555	453695
62563	72273
62573	130448
62584	102702
62588	111550
62591	33851
62594	252225
62604	241536
62606	190983
62616	200395
62652	282325
62668	577423
62677	12047
62682	10106
62699	62968
62716	64856
62717	299075
62746	197943
62747	128088
62752	158232
62755	150014
62776	106891
62777	16880
62781	187856
62782	16880
62789	92464
62791	93745
62821	120299
62834	31239
62839	616181
62854	8976
62880	154587
62886	366346
62889	96361
62953	59659
62979	348180
63017	317214
63020	68754
63051	331361
63061	28320
63072	10037
63076	614004
63089	294967
63096	244979
63098	51023
63109	25800
63117	107504
63118	25800
63122	60121
63127	25800
63129	25800
63142	721146
63144	25800
63148	241865
63149	25800
63152	236449
63161	181022
63162	366430
63184	583193
63186	456664
63199	206293
63215	245781
63218	54472
63225	445731
63230	236449
63231	397705
63237	174851
63243	279699
63244	66563
63255	128088
63256	440754
63271	437581
63274	172173
63276	216963
63277	59791
63279	59791
63288	121379
63295	209224
63319	135383
63367	21699
63393	175345
63403	175350
63404	301989
63416	80986
63433	48373
63441	70220
63470	70220
63490	231545
63534	348260
63536	397086
63540	184219
63561	96361
63582	119470
63583	246503
63586	252909
63597	8422
63598	321609
63660	474276
63663	307856
63665	118484
63672	209291
63673	49044
63675	248337
63679	154944
63723	165760
63727	715379
63768	472084
63778	220558
63785	101883
63790	111317
63795	219288
63800	97809
63807	433994
63808	333695
63820	507940
63832	96787
63845	89470
63853	53625
63862	316186
63877	201936
63879	195831
63883	89125
63907	276879
63924	54696
63925	552948
63934	70478
63947	50221
63948	159530
63972	262811
63974	217309
63982	229037
64000	196472
64009	163007
64013	190468
64030	190468
64036	53931
64037	246503
64048	120659
64056	98991
64067	262685
64074	199330
64077	199330
64084	610081
64090	23379
64106	74176
64118	219698
64129	293398
64141	44344
64147	500921
64168	12047
64177	20535
64191	154306
64194	504199
64203	87234
64205	87234
64231	262766
64234	351431
64243	215184
64247	166083
64279	164226
64292	57453
64293	353615
64326	280127
64334	106853
64351	106853
64379	1808
64383	344235
64384	293001
64412	189414
64418	320015
64425	320015
64484	75830
64498	233190
64513	310935
64522	370844
64525	63993
64532	63993
64551	311927
64569	364779
64572	165711
64603	398105
64606	414614
64616	13879
64631	232318
64632	193281
64637	106072
64673	269586
64702	256812
64714	167434
64734	25800
64735	28320
64755	717259
64770	47744
64773	118348
64776	127042
64780	527707
64798	60694
64859	51286
64863	68606
64890	654428
64908	214248
64928	124714
64948	149722
64949	101658
64952	84689
64955	264290
64964	111550
64976	533930
65020	235327
65033	98157
65050	163597
65058	68771
65067	166083
65071	68771
65084	96787
65086	154587
65096	220974
65099	393698
65130	77314
65148	167308
65181	450780
65216	464858
65223	403291
65237	337277
65248	528504
65249	94801
65261	425058
65262	275245
65298	180309
65302	57385
65305	167444
65308	396051
65325	334324
65327	91424
65332	37845
65340	184084
65346	32803
65347	306545
65364	190978
65392	130261
65409	464911
65412	82639
65414	161485
65418	293001
65421	379582
65428	304889
65432	302231
65469	174851
65472	137902
65494	366346
65495	255824
65498	74335
65502	77431
65506	106201
65507	347953
65536	265345
65563	305976
65567	112708
65586	96361
65588	96361
65597	132040
65609	58583
65615	399129
65619	193572
65630	73146
65635	161555
65645	28309
65651	112001
65661	146062
65662	124714
65667	130613
65674	191993
65678	310599
65680	205509
65683	80731
65691	113094
65701	81057
65706	1808
65713	90040
65729	317214
65743	111550
65778	54882
65779	222298
65805	70220
65809	96361
65823	308237
65834	294019
65844	218547
65861	357676
65864	110404
65889	489734
65921	124552
65923	148599
65924	185424
65925	1091
65930	1613
65956	207232
65959	125680
65969	312298
65976	170674
65999	180263
66000	203451
66009	110077
66084	1874
66099	165447
66113	510232
66122	111550
66170	40180
66179	368321
66188	296787
66196	320275
66210	1091
66211	158050
66240	615225
66250	98157
66284	285623
66319	96361
66328	363351
66350	42016
66352	21699
66353	24745
66357	151626
66364	237506
66382	76583
66418	109035
66430	44280
66455	178728
66458	90345
66472	128088
66494	56600
66498	118808
66515	145446
66518	136780
66522	35866
66537	287386
66540	195754
66551	95109
66553	111550
66554	264453
66556	82292
66559	362514
66579	365330
66606	132040
66629	8976
66636	193542
66648	258050
66668	1847
66672	85264
66684	309041
66686	158362
66691	129876
66694	285888
66713	304014
66714	504328
66778	331511
66779	406597
66818	111550
66840	235792
66841	235792
66842	57850
66849	178041
66877	280086
66892	343683
66894	81486
66899	81486
66900	274876
66905	249168
66931	201936
66932	201936
66949	263145
66950	329033
66963	174315
66987	78114
67026	45952
67042	256812
67052	223964
67055	506641
67057	68698
67059	412054
67064	530860
67067	76747
67070	511002
67074	228032
67099	45560
67105	1091
67115	56346
67154	1754
67155	1754
67156	1754
67271	289034
67274	241382
67291	748357
67298	1754
67300	1754
67332	151723
67346	582498
67481	101883
67485	62097
67491	184679
67495	48802
67496	40527
67498	61680
67504	229714
67509	394524
67511	323744
67516	118484
67528	474276
67535	270763
67538	501161
67546	342853
67547	493431
67550	174588
67559	144078
67560	1694
67600	473686
67626	685643
67638	21699
67641	379582
67646	35866
67652	721146
67655	317214
67659	285623
67681	92961
67719	385392
